"LEGEND","Fill in the YOUR CALL column only","","","",""
"","free","no gate at all","","",""
"","preview","columns render, top 5 rows only, no re-sort","","",""
"","bands: A / B","name the bands that stay free; the rest render blurred under a lock","","",""
"","paid","subscribers only","","",""
"","a number","for the allowance rows — the new limit","","",""
"","","","","",""
"Area","What","Columns / detail","Gate today","YOUR CALL","Notes"
"Season archive","Which seasons need an account","13 seasons, 2014-2026","every season free (gate built, switched off)","","THE ONLY DATA GATE on the site — a paid season is never published to the CDN. Everything else on this sheet hides presentation of data the browser already holds. Agreed setting was 'current season and the one before'."
"Free-tier allowance","Stat columns at once","FREE_LIMITS.statCols","3","","Identity columns (rank, team, season, record) never count."
"Free-tier allowance","Of those, how many may carry a filter","FREE_LIMITS.boundedStatCols","2","","Lower than the column cap on purpose: looking at a number is cheaper than asking who clears a bar."
"Free-tier allowance","Saved filter views kept","FREE_LIMITS.savedFilters","3","","Subscribers get 24."
"Free-tier allowance","Rows shown of a preview-gated view","FREE_LIMITS.previewRows","5","","Enough to see the shape, not the ranking."
"Free-tier allowance","Seasons selectable at once","FREE_LIMITS.seasonsAtOnce","1","","The allowance that gets stronger once the archive gate is on."
"Team Explorer view","Overview","Ratings (adjusted) / Four Factors / Shooting","free","","The default table — adjusted ratings, the four factors, and shooting"
"Team Explorer view","Four Factors","Offense / Defense / Margins","free","","Dean Oliver's four factors, yours against theirs"
"Team Explorer view","Adjusted & Schedule","Adjusted / Schedule","free","","Our schedule-adjusted ratings and the schedule they were earned against"
"Team Explorer view","Shooting Splits","Accuracy / Efficiency / Volume","preview (top 5, no re-sort)","","Accuracy from every level, plus the two efficiency composites"
"Team Explorer view","Shot Profile","Frequency / Accuracy by zone / Allowed","preview (top 5, no re-sort)","","Where the shots come from and how they fall — 2022 on, where coordinates exist"
"Team Explorer view","Traditional Box","Scoring / Rebounding / Defense & fouls","free","","The counting stats, per game"
"Team Explorer view","Scoring Context","Per game / Share of points / Creation","preview (top 5, no re-sort)","","Where the points actually come from — transition, paint, second chances, bench"
"Team Explorer view","Differentials","Margin / Situational / Rate margins","preview (top 5, no re-sort)","","You minus them, per game"
"Team Explorer view","Opponent Shooting","Allowed / Shot diet allowed / Rating","preview (top 5, no re-sort)","","What the defense allowed, and from where"
"Team Explorer view","Defensive Events","Event rates / Per game / Cost of fouling","preview (top 5, no re-sort)","","Steals, blocks and what they cost in fouls"
"Team Explorer view","Record & Outcomes","Record / Never in doubt / Comebacks & collapses","bands free: Record","","The record, and what the scoreboard looked like getting there"
"Team Explorer view","Roster Continuity","Prior season / Minutes returned / Incoming / Stability / Returner share","bands free: Prior season / Minutes returned","","How much of last season's rotation came back, and whether it kept its roles"
"Team Explorer view","Roster & Experience","Size / Minutes by class / Points by class","preview (top 5, no re-sort)","","How big and how old the rotation actually is, weighted by minutes played"
"Team Explorer view","Build My Own Table","reader's own columns","capped at 3 columns","","Start with nothing but the teams, then add exactly the columns you want"
"Players Explorer view","Overview","EPM / Role / Scoring / Shooting / Rebounding / Handle / Defense","free","","The default table — role, impact, scoring, shooting and the box score in one screen"
"Players Explorer view","Traditional Boxscore","Time / Scoring / Rebounding / Playmaking / Defense","free","","Season totals and per-40 rates for every counting stat"
"Players Explorer view","Traditional Shooting","Volume / Field goals / Twos / Threes / Free throws / Efficiency","free","","Makes, attempts and percentages from every distance"
"Players Explorer view","Scoring Context","Scoring / Paint / Second chance / Transition","preview (top 5, no re-sort)","","Where the points came from — paint, second chance and transition"
"Players Explorer view","Offensive Stats","Load / Creation / Efficiency / Shot mix","free","","Usage, creation and efficiency, plus the points his passing produced"
"Players Explorer view","Defensive Stats","Events / Rates / Rebounding / Cost","free","","Steal and block rates against the possessions he was actually on the floor for"
"Players Explorer view","Foul Related","Committed / Worth it? / Technicals","free","","Fouls committed, and whether the disruption was worth the cost"
"Players Explorer view","All-In-One Stats","EPM / Parts / Value / Rating","free","","EPM and its parts — the site's own all-in-one numbers"
"Players Explorer view","Double/Triple-Doubles","Doubles / Twenty and ten / Across the board / Season","free","","How often he filled the box score — doubles, triples and the 5×5"
"Players Explorer view","Single-Game Leaders","Led his team / Led the game / Defense","free","","Games he led his team, or everyone on the floor, in a category"
"Players Explorer view","Player Info","Who / Playing time / Outcome / Draft","free","","Age, height, draft position and how much he actually played"
"Players Explorer view","Select Your Own Columns","reader's own columns","capped at 3 columns","","Start empty and add only the stats you want"
"Team page tab","overview","Ratings, four factors, the season at a glance","free","","Prerendered at build time — a gate here would take the page out of Google."
"Team page tab","schedule","Every game, result and quality","free","","Prerendered at build time — a gate here would take the page out of Google."
"Team page tab","roster","Who played, and how much","free","","Prerendered at build time — a gate here would take the page out of Google."
"Team page tab","shooting","Shot profile and splits","free","","Prerendered at build time — a gate here would take the page out of Google."
"Team page tab","lineups","Every five-man unit, from stint data","paid","","Open to everyone for vanderbilt and saint-louis as a worked example. Prerendered into the HTML, so this gate is visible in view-source."
"Team page tab","onoff","On/off splits, from stint data","paid","","Open to everyone for vanderbilt and saint-louis as a worked example. Prerendered into the HTML, so this gate is visible in view-source."
"Download","CSV of the current view","","free on players, gated on teams","","Raw values, nothing rounded."
"Download","Excel Workbook of the current view","","free on players, gated on teams","","Formatted, percentile colours, a sheet describing the export."
"Download","Excel - Select Views (multi-tab)","","free on players, gated on teams","","One tab per view. The most obviously paid-shaped thing in the menu."
"Download","Sample workbook","","free","","Runs the same code as the paid export on a fixed slice. The pitch, not a limit."
"Explorer","Compare (teams)","","free","","Hidden on players for now by decision."
"Explorer","Saved filter views","","capped at 3","","Stored in the browser, not on the account."
"Player page","Shot chart","","free","","Zones and rates, 2014 onward."
"Player page","Game log / box scores","","free","",""
"Site","Coaches (812 pages)","","free","",""
"Site","Transfer portal / recruits / draftees","","free","",""
"Site","/calc archive calculator","","gated","","Already behind the archive gate."
"Site","/32-0 game","","free","",""
